x1,x2,x3,x4,x5,x6,x7,x8,x9,x10,x11,x12,x13,x14,x15,x16,x17,x18,x19,y
55.0,46.0,0.2,17.0,78.0,0.75,20.0,13.1,1700.0,50.5,36.4,0.0,0.0,2.5,1.0,34.0,40.0,105.0,100.0,0
55.0,46.0,0.3,15.0,80.0,0.75,20.0,6.6,1900.0,54.9,38.5,0.0,0.0,2.5,0.7,34.0,40.0,105.0,100.0,1
62.0,40.0,0.433,16.0,80.0,,30.0,6.5,1850.0,53.8,39.8,0.0,0.0,2.8,0.9,40.0,40.0,103.87,100.0,1
52.0,40.0,0.3,16.0,75.0,0.312,30.0,5.6,1467.0,55.6,38.8,0.0,0.0,2.5,1.3,40.0,40.0,108.06,100.0,1
50.0,46.0,0.3,17.0,80.0,0.75,30.0,0.0,2100.0,57.5,42.5,5.0,0.0,2.3,0.6,35.0,40.0,106.67,100.0,1
50.0,40.0,0.267,16.8,76.0,0.438,28.0,8.6,1467.0,53.8,37.6,5.0,0.0,2.5,0.8,40.0,40.0,103.87,100.0,1
50.0,46.0,0.3,16.5,75.0,0.75,30.0,0.0,2600.0,62.5,37.5,6.0,0.0,2.5,0.6,30.0,40.0,106.67,100.0,1
50.0,46.0,0.2,16.5,75.0,0.75,28.0,0.0,2600.0,62.5,37.5,6.0,0.0,2.5,1.1,30.0,40.0,106.67,100.0,1
50.0,45.0,0.367,12.0,70.0,0.75,60.0,0.0,1650.0,60.2,39.8,1.5,0.0,3.0,1.0,40.0,40.0,103.22,100.0,0
65.0,43.0,0.333,16.0,75.0,1.0,32.0,22.7,1750.0,45.5,31.8,0.0,0.0,3.0,1.0,38.0,40.0,106.66,100.0,1
65.0,43.0,0.2,16.0,68.0,0.75,30.0,15.5,1750.0,48.5,35.9,0.0,0.0,3.0,1.0,38.0,40.0,106.6,100.0,1
50.0,50.0,0.367,14.0,80.0,0.75,40.0,10.5,1700.0,52.6,36.8,0.0,0.0,2.5,1.0,38.0,40.0,105.0,100.0,0
50.0,50.0,0.3,15.0,70.0,1.0,30.0,10.0,1600.0,50.0,40.0,0.0,0.0,2.8,1.0,38.0,40.0,106.66,100.0,0
40.0,45.0,0.3,14.5,70.0,0.625,25.0,0.0,1500.0,59.5,40.5,0.0,0.0,2.0,1.0,40.0,40.0,100.0,100.0,0
50.0,43.0,0.267,16.0,75.0,1.0,20.0,15.8,1600.0,49.5,34.7,0.0,0.0,2.5,1.0,38.0,40.0,103.22,100.0,1
,45.0,0.233,15.0,87.0,1.0,,0.0,1400.0,62.5,37.5,0.0,0.0,2.5,1.0,40.0,40.0,103.22,100.0,0
30.0,45.0,0.2,14.0,65.0,,,0.0,1600.0,62.5,37.5,0.0,0.0,2.5,0.8,33.0,40.0,100.0,100.0,1
30.0,45.0,0.2,15.5,65.0,,,5.9,1600.0,58.8,35.3,0.0,0.0,2.5,1.8,33.0,40.0,100.0,100.0,1
60.0,38.0,0.267,16.4,64.0,0.75,,11.0,1400.0,54.9,34.1,0.0,0.0,2.5,1.0,32.0,40.0,103.22,100.0,1
60.0,38.0,0.333,16.5,66.0,0.75,,6.7,1400.0,56.2,37.1,0.0,0.0,1.1,1.4,32.0,40.0,103.22,100.0,1
50.0,45.0,0.233,16.0,70.0,0.812,30.0,0.0,2400.0,58.8,41.2,0.0,0.0,1.7,1.0,30.0,40.0,107.4,100.0,1
40.0,45.0,0.2,15.0,76.0,0.812,30.0,0.0,2400.0,62.5,37.5,0.0,0.0,1.0,1.0,30.0,40.0,107.4,100.0,1
30.0,43.0,0.2,16.3,70.0,0.812,25.0,1.2,2200.0,58.1,40.7,4.0,0.0,2.0,1.0,30.0,40.0,96.875,100.0,1
40.0,41.0,0.2,15.8,72.0,1.0,30.0,0.0,2000.0,62.5,37.5,0.0,0.0,2.5,1.0,30.0,40.0,107.4,100.0,0
40.0,42.0,0.2,14.5,74.0,1.0,25.0,8.0,2100.0,57.5,34.5,0.0,0.0,2.3,0.7,35.0,40.0,107.4,100.0,0
45.0,42.0,0.2,14.0,70.0,1.0,20.0,8.0,1850.0,57.5,34.5,0.0,0.0,2.0,0.7,35.0,40.0,107.4,100.0,0
50.0,45.0,0.3,15.0,76.0,1.0,30.0,8.0,2150.0,57.5,34.5,0.0,0.0,2.5,1.0,35.0,40.0,107.4,100.0,1
50.0,45.0,0.3,15.2,72.0,1.0,25.0,5.9,2150.0,58.8,35.3,0.0,0.0,2.5,1.0,35.0,40.0,107.4,100.0,1
35.0,42.0,,15.0,75.0,0.75,30.0,0.0,2100.0,58.8,41.2,0.0,0.0,2.0,0.8,30.0,40.0,107.4,100.0,0
30.0,45.0,0.233,17.0,70.0,0.75,35.0,0.0,2200.0,58.8,41.2,0.0,0.0,2.5,1.0,33.0,40.0,106.45,100.0,0
37.5,44.0,0.2,16.0,90.0,0.75,28.0,20.0,2050.0,45.0,35.0,0.0,0.0,2.4,0.8,35.0,40.0,107.4,100.0,1
37.5,44.0,0.2,16.5,91.0,0.75,30.0,21.7,2050.0,43.5,34.8,0.0,0.0,2.7,0.8,35.0,40.0,107.4,100.0,1
45.0,44.0,0.267,14.1,78.0,0.625,22.0,7.6,1510.0,54.3,38.0,0.0,0.0,2.5,0.7,34.0,40.0,114.28,100.0,1
40.0,44.0,0.2,14.0,69.0,0.625,20.0,8.5,1510.0,53.2,38.3,2.0,0.0,2.5,0.9,34.0,40.0,110.0,100.0,1
40.0,47.0,0.333,17.0,78.0,0.75,35.0,0.0,2400.0,58.8,41.2,4.0,0.0,2.5,1.0,30.0,40.0,100.0,100.0,0
30.0,42.0,0.2,15.4,64.0,0.875,,0.0,1425.0,63.0,37.0,0.0,0.0,1.0,1.3,34.0,40.0,107.4,100.0,1
45.0,38.0,,15.0,80.0,0.625,30.0,7.0,1600.0,58.1,34.9,0.0,0.0,2.5,1.5,30.0,40.0,103.22,100.0,0
40.0,43.0,0.267,16.0,96.0,1.0,28.0,0.0,1500.0,58.8,41.2,2.0,0.0,3.0,0.8,40.0,40.0,103.12,100.0,1
32.5,43.0,0.2,15.0,82.0,1.0,31.0,7.6,1500.0,54.3,38.0,4.0,0.0,2.5,1.0,40.0,40.0,103.12,100.0,1
37.5,44.0,0.3,15.0,85.0,0.75,34.0,0.0,1400.0,62.5,37.5,0.0,0.0,2.8,1.0,28.0,40.0,103.12,100.0,1
35.0,44.0,0.3,16.0,80.0,1.0,32.0,7.0,1400.0,58.1,34.9,0.0,0.0,3.0,1.0,28.0,40.0,103.12,100.0,1
30.0,42.0,0.2,15.4,64.0,0.875,,0.0,1425.0,61.7,38.3,0.0,0.0,1.0,1.3,34.0,40.0,107.4,100.0,1
50.0,43.0,0.2,16.0,82.0,0.875,30.0,0.0,2270.0,55.6,44.4,12.0,0.0,2.0,1.0,30.0,40.0,103.22,100.0,1
50.0,43.0,0.3,16.3,80.0,0.812,30.0,0.0,2270.0,55.6,44.4,12.0,0.0,1.5,1.5,30.0,40.0,103.22,100.0,1
60.0,43.0,0.267,15.8,57.0,0.75,24.0,1.2,1480.0,58.1,40.7,0.0,0.0,1.4,1.7,33.0,40.0,103.12,100.0,1
52.5,43.0,0.233,16.6,58.0,0.75,20.0,7.9,1480.0,56.2,36.0,0.0,0.0,1.7,0.7,33.0,40.0,103.12,100.0,1
50.0,43.0,0.3,17.0,87.0,0.812,35.0,0.0,2300.0,58.8,41.2,0.0,0.0,1.3,0.7,30.0,40.0,103.22,100.0,1
25.0,38.0,0.2,13.0,75.0,0.625,25.0,0.0,1600.0,57.5,42.5,0.0,0.0,2.5,0.85,30.0,40.0,103.12,100.0,1
25.0,38.0,0.233,14.0,70.0,0.625,25.0,0.0,1600.0,58.8,41.2,5.0,0.0,1.7,0.9,30.0,40.0,103.12,100.0,1
40.0,46.0,0.333,15.9,78.0,0.5,34.0,2.4,2000.0,61.0,36.6,0.0,0.0,2.4,1.3,35.0,40.0,103.22,100.0,1
45.0,41.0,0.333,17.0,78.0,0.75,16.0,14.1,1100.0,50.5,35.4,0.0,0.0,2.5,1.0,50.0,40.0,96.97,100.0,0
47.5,41.0,0.233,16.5,72.0,0.75,20.0,14.1,1300.0,50.5,35.4,4.0,0.0,2.5,1.0,50.0,40.0,96.97,100.0,0
40.0,46.0,0.2,15.0,68.0,0.75,28.0,0.0,1700.0,58.8,41.2,0.0,0.0,1.0,1.0,33.0,40.0,103.22,100.0,1
40.0,46.0,0.267,16.5,68.0,0.875,25.0,0.0,1700.0,58.8,41.2,0.0,0.0,1.0,1.0,33.0,40.0,103.125,100.0,1
40.0,35.0,0.233,18.0,85.0,0.625,30.0,0.0,2000.0,62.5,37.5,0.0,0.0,2.5,0.9,30.0,40.0,103.125,100.0,1
50.0,43.0,0.2,17.0,84.0,,35.0,0.0,2300.0,55.6,44.4,0.0,0.0,2.0,0.8,30.0,40.0,103.22,100.0,1
35.0,38.0,0.4,12.0,62.0,0.75,46.0,4.7,1400.0,58.8,36.5,0.0,0.0,2.0,1.0,28.0,40.0,103.125,100.0,1
35.0,38.0,0.433,16.0,70.0,0.75,50.0,0.0,1400.0,62.5,37.5,0.0,0.0,2.8,1.5,28.0,40.0,103.125,100.0,1
50.0,46.0,0.2,14.6,60.0,0.625,25.0,10.5,1750.0,52.6,36.8,2.0,0.0,2.4,0.8,28.0,40.0,96.97,100.0,0
40.0,47.0,0.333,24.5,78.0,0.875,30.0,8.8,2100.0,54.9,36.3,16.0,0.0,2.3,1.0,40.0,40.0,100.0,100.0,0
40.0,47.0,0.35,14.43,76.0,0.75,16.0,7.2,2000.0,51.5,41.2,1.0,0.0,2.7,1.4,40.0,40.0,100.0,100.0,0
40.0,39.0,0.233,15.0,77.0,0.75,20.0,9.4,2000.0,52.1,38.5,0.0,0.0,2.5,1.0,40.0,40.0,103.22,100.0,1
40.0,39.0,0.2,15.0,79.0,0.75,20.0,11.8,2000.0,49.0,39.2,0.0,0.0,2.5,1.0,40.0,40.0,103.22,100.0,1
,43.0,0.267,14.2,68.0,0.75,18.0,0.0,2000.0,62.5,37.5,0.0,0.0,2.5,1.2,40.0,40.0,106.45,100.0,0
,48.0,0.233,14.0,80.0,0.75,30.0,0.0,2000.0,62.5,37.5,0.0,0.0,,,40.0,40.0,109.67,100.0,0
,40.0,0.267,16.4,72.0,1.0,26.0,0.0,2000.0,62.5,37.5,0.0,0.0,2.5,1.0,40.0,40.0,106.45,100.0,0
40.0,40.0,0.35,18.5,85.0,0.562,30.0,0.0,1900.0,62.5,37.5,4.0,0.0,1.8,1.4,40.0,40.0,106.45,100.0,0
42.5,41.0,0.3,14.0,70.0,0.625,20.0,2.3,1750.0,57.5,40.0,4.0,0.0,2.5,0.7,35.0,40.0,96.97,100.0,1
35.0,39.0,0.2,16.2,84.0,1.0,30.0,0.0,2100.0,62.5,37.5,4.0,0.0,2.0,0.9,30.0,40.0,94.117,100.0,1
35.0,45.0,0.3,14.1,65.0,1.0,,0.0,1500.0,59.5,40.5,0.0,0.0,2.6,1.0,40.0,40.0,109.67,100.0,1
50.0,43.0,0.333,14.02,68.0,0.75,56.0,7.4,1800.0,53.2,39.4,0.0,0.5,3.0,1.3,40.0,40.0,109.67,100.0,1
67.5,45.0,0.2,15.5,80.0,0.5,34.0,16.3,1683.0,43.5,40.2,6.0,0.0,2.5,1.0,40.0,40.0,109.67,100.0,1
55.0,37.0,0.267,16.0,75.0,0.625,20.0,5.6,1850.0,55.6,38.9,0.0,0.0,0.8,0.75,33.0,40.0,109.67,100.0,1
42.5,41.0,0.2,14.0,80.0,0.625,20.0,7.4,1750.0,53.2,39.4,0.0,0.0,2.1,0.9,35.0,40.0,96.97,100.0,1
52.5,45.0,0.2,15.3,72.0,0.75,,12.4,1600.0,51.5,36.1,0.0,0.0,2.5,1.0,40.0,40.0,109.67,100.0,1
35.0,45.0,0.2,15.2,63.0,1.0,,0.0,1500.0,59.5,40.5,0.0,0.0,2.3,0.9,40.0,40.0,109.67,100.0,1
52.5,45.0,0.233,16.0,68.0,0.75,,0.0,1600.0,58.8,41.2,4.0,0.0,2.3,0.8,40.0,40.0,109.67,100.0,1
49.0,43.0,0.35,14.5,74.0,0.75,23.0,9.1,1900.0,56.8,34.1,2.0,0.0,0.7,0.2,35.0,40.0,103.22,100.0,0
52.5,37.0,0.233,14.0,73.0,0.75,,9.6,1600.0,53.2,37.2,0.0,0.0,2.3,1.0,40.0,40.0,109.67,100.0,1
52.5,43.0,0.267,15.1,76.0,0.5,31.0,6.6,1650.0,54.9,38.5,0.0,0.0,2.5,1.5,40.0,40.0,109.67,100.0,1
40.0,44.0,0.2,16.1,78.0,0.938,30.0,5.6,1800.0,55.6,38.9,0.0,0.0,2.0,1.0,35.0,40.0,103.22,100.0,1
52.5,37.0,0.2,15.0,66.0,0.75,,13.3,1600.0,55.6,42.2,0.0,0.0,2.4,0.8,40.0,40.0,100.0,100.0,1
40.0,43.0,0.35,16.5,72.0,0.625,20.0,9.1,2000.0,56.8,34.1,4.0,0.0,2.5,0.5,35.0,40.0,103.22,100.0,1
40.0,43.0,0.35,16.1,70.0,0.625,20.0,11.1,2000.0,55.6,33.3,4.0,0.0,1.8,0.9,35.0,40.0,103.22,100.0,1
40.0,43.0,0.267,16.0,80.0,0.562,30.0,5.6,1900.0,55.6,38.9,0.0,0.0,2.2,1.3,30.0,40.0,103.22,100.0,1
45.0,45.0,,14.7,75.0,0.625,30.0,15.0,1734.0,50.0,35.0,2.0,0.0,1.5,0.6,34.0,40.0,103.22,100.0,0
60.0,49.0,0.333,14.9,77.0,0.75,27.0,0.0,1650.0,58.8,41.2,0.0,0.0,2.5,0.7,33.0,40.0,103.33,100.0,1
55.0,49.0,0.267,12.5,70.0,0.625,30.0,5.6,1750.0,55.6,38.9,0.0,0.0,2.5,0.9,34.0,40.0,106.66,100.0,0
45.0,45.0,,15.1,75.0,0.625,20.0,15.0,1750.0,50.0,35.0,0.0,0.0,1.6,0.9,34.0,40.0,103.22,100.0,1
55.0,49.0,0.2,15.6,74.0,0.75,24.0,0.0,1650.0,58.8,41.2,0.0,0.0,2.5,1.7,33.0,40.0,103.33,100.0,1
40.0,49.0,0.233,15.3,74.0,1.0,34.0,0.0,2000.0,62.5,37.5,0.0,0.0,2.2,1.0,35.0,40.0,100.0,100.0,1
40.0,49.0,0.233,16.8,78.0,0.938,30.0,0.0,2000.0,62.5,37.5,0.0,0.0,2.4,0.9,35.0,40.0,100.0,100.0,1
42.5,46.0,0.3,14.0,77.0,0.625,42.0,15.8,1850.0,49.5,34.6,8.0,0.0,1.5,0.8,34.0,40.0,100.0,100.0,0
35.0,44.0,0.2,15.5,100.0,0.875,30.0,0.0,2200.0,53.2,46.8,0.0,0.0,0.0,0.0,30.0,40.0,100.0,100.0,0
42.0,44.0,0.3,15.0,80.0,1.25,20.0,16.7,1300.0,49.0,34.3,0.0,0.0,2.5,0.2,40.0,40.0,110.0,100.0,1
45.0,44.0,0.3,15.5,75.0,1.25,20.0,14.1,1300.0,50.5,35.4,0.0,0.0,2.5,1.5,40.0,40.0,110.0,100.0,1
50.0,43.0,0.3,16.0,70.0,0.812,30.0,3.4,2400.0,56.8,39.8,0.0,0.0,2.5,0.8,30.0,40.0,103.125,100.0,1
47.0,43.0,0.267,16.0,80.0,0.562,30.0,9.1,2400.0,50.5,40.4,0.0,0.0,2.5,1.1,30.0,40.0,103.125,100.0,1
35.0,48.0,0.233,16.0,76.0,0.812,30.0,8.9,1900.0,49.5,41.6,0.0,0.0,2.5,1.2,30.0,40.0,103.22,100.0,1
35.0,48.0,0.233,16.0,86.0,0.562,30.0,16.1,1900.0,44.6,39.3,0.0,0.0,2.5,1.5,30.0,40.0,103.22,100.0,1
35.0,43.0,0.233,14.0,75.0,1.25,20.0,7.6,,54.3,38.0,0.0,0.0,2.5,2.0,33.0,40.0,106.66,100.0,1
37.5,43.0,0.233,14.0,80.0,1.25,20.0,6.25,,52.1,41.7,0.0,0.0,3.0,1.5,33.0,40.0,106.66,100.0,1
40.0,44.0,0.2,15.0,68.0,0.75,,0.0,1750.0,58.8,41.2,0.0,0.0,2.7,0.7,35.0,40.0,103.125,100.0,1
40.0,44.0,0.233,15.5,68.0,0.75,,5.6,1750.0,55.6,38.9,0.0,0.0,1.5,0.5,35.0,40.0,103.125,100.0,1
47.5,68.0,0.4,14.0,78.0,0.75,22.0,0.0,1900.0,62.5,37.5,0.0,0.0,2.1,1.7,33.0,40.0,103.125,100.0,0
40.0,60.0,0.233,15.0,78.0,1.0,28.0,0.0,2380.0,60.0,40.0,3.0,0.0,2.5,1.0,30.0,40.0,106.66,100.0,0
55.0,55.0,0.3,16.3,100.0,1.0,,0.0,1650.0,58.8,41.2,0.0,0.0,,,40.0,40.0,106.66,100.0,0
40.0,55.0,0.433,15.5,92.0,0.75,22.0,9.6,1550.0,53.2,37.2,1.0,0.0,2.9,1.3,33.0,40.0,106.66,100.0,0
40.0,52.0,,16.0,86.0,0.75,26.0,9.6,1975.0,53.2,37.2,1.0,0.0,2.9,1.3,33.0,40.0,100.0,100.0,0
42.5,52.0,0.4,13.9,76.0,0.625,25.0,0.0,1800.0,50.0,50.0,0.0,0.0,2.5,0.9,40.0,40.0,106.66,100.0,0
50.0,56.0,0.267,15.2,76.0,0.625,25.0,3.4,1760.0,56.8,39.8,2.0,0.0,2.5,0.8,34.0,40.0,103.125,100.0,0
45.0,57.0,0.267,14.0,76.0,0.75,20.0,3.4,1800.0,56.2,40.4,2.0,0.0,2.0,0.8,34.0,40.0,103.125,100.0,0
47.0,67.0,0.4,16.0,74.0,0.812,38.0,0.0,1900.0,58.8,41.2,2.0,0.0,2.5,1.1,33.0,40.0,103.125,100.0,1
47.0,67.0,0.333,16.0,82.0,0.562,30.0,1.5,1900.0,50.5,34.3,0.0,0.0,2.5,1.1,33.0,40.0,103.125,100.0,1
50.0,52.0,0.3,17.0,69.0,0.75,,0.0,1700.0,58.8,41.2,0.0,0.0,2.2,0.9,40.0,40.0,106.66,100.0,1
50.0,55.0,0.233,13.34,74.0,0.625,,4.8,1635.0,59.5,35.7,1.0,0.0,3.0,2.0,40.0,40.0,100.0,100.0,1
50.0,55.0,0.233,13.86,70.0,0.625,47.0,10.2,1635.0,51.0,38.8,0.0,0.0,3.0,1.0,40.0,40.0,100.0,100.0,1
50.0,52.0,0.267,15.6,71.0,0.75,,20.6,1700.0,46.7,32.7,0.0,0.0,2.5,0.6,40.0,40.0,106.66,100.0,1
30.0,63.0,0.3,13.0,94.0,1.0,29.0,0.0,1800.0,56.2,43.8,0.0,0.0,2.5,1.0,30.0,40.0,110.0,100.0,0
50.0,60.0,0.267,13.6,86.0,1.125,28.0,0.0,1500.0,64.1,35.9,0.0,0.0,2.5,1.0,33.0,40.0,106.45,100.0,0
55.0,53.0,0.3,14.2,72.0,0.625,25.0,22.7,1750.0,45.5,31.8,1.0,0.0,2.4,0.9,34.0,40.0,103.125,100.0,0
35.0,56.0,0.3,15.3,80.0,0.75,20.0,0.0,1900.0,76.9,23.1,0.0,0.0,2.5,1.25,33.0,40.0,106.66,100.0,0
55.0,56.0,0.233,15.0,84.0,0.625,25.0,16.7,1850.0,52.1,31.3,4.0,0.0,2.0,0.6,34.0,40.0,103.125,100.0,0
55.0,49.0,0.2,15.0,78.0,0.625,20.0,17.1,1900.0,47.6,35.2,0.0,0.0,2.5,0.85,34.0,40.0,106.45,100.0,0
50.0,50.0,0.2,15.7,90.0,0.75,50.0,0.0,1420.0,62.5,37.5,0.0,0.0,3.0,1.35,40.0,40.0,106.45,100.0,1
50.0,50.0,0.2,15.5,74.0,0.75,58.0,4.8,1420.0,59.5,35.7,3.0,0.0,3.0,1.0,40.0,40.0,106.45,100.0,1
35.0,56.0,0.233,16.0,82.0,0.562,28.0,5.6,2100.0,56.2,38.2,0.0,0.0,1.7,0.4,30.0,40.0,103.125,100.0,1
35.0,56.0,0.2,15.0,80.0,0.812,40.0,8.6,2100.0,53.8,37.6,8.0,0.0,1.7,1.0,30.0,40.0,100.0,100.0,1
40.0,50.0,0.2,16.0,68.0,0.812,30.0,0.0,2400.0,58.8,41.2,8.0,0.0,2.5,1.5,33.0,40.0,103.125,100.0,1
40.0,50.0,0.233,16.0,70.0,0.562,30.0,0.0,2400.0,58.8,41.2,8.0,0.0,1.5,0.5,33.0,40.0,103.125,100.0,1
,59.0,0.233,14.2,80.0,1.0,20.0,5.6,,55.6,38.9,0.0,0.0,2.0,2.5,33.0,40.0,106.45,100.0,1
37.5,59.0,0.233,16.0,75.0,0.75,20.0,4.3,,54.3,41.3,0.0,0.0,2.5,1.5,33.0,40.0,106.45,100.0,1
40.0,54.0,0.2,15.8,76.0,0.5,38.0,5.6,1736.0,55.6,38.9,0.0,0.0,2.5,1.5,35.0,40.0,103.125,100.0,1
40.0,54.0,0.2,15.4,78.0,0.5,34.0,5.7,1736.0,56.8,36.9,0.0,0.0,2.5,1.1,35.0,40.0,103.125,100.0,1
55.0,45.0,0.267,15.5,79.0,0.625,20.0,16.7,1850.0,54.3,34.3,4.0,0.0,2.5,1.0,34.0,40.0,100.0,100.0,1
52.0,64.0,0.4,15.5,82.0,0.625,30.0,0.0,1800.0,71.4,28.6,4.0,0.0,2.5,0.9,34.0,40.0,103.125,100.0,0
40.0,56.0,0.233,16.5,79.0,0.5,28.0,0.0,2300.0,60.2,39.8,0.0,0.0,2.5,1.5,30.0,40.0,106.45,100.0,0
45.0,54.0,0.333,15.5,76.0,0.812,30.0,5.6,2250.0,55.6,38.9,2.0,0.0,2.5,1.3,30.0,40.0,106.45,100.0,1
47.5,68.0,0.4,16.0,80.0,0.75,30.0,0.0,2250.0,58.8,41.2,0.0,0.0,1.5,1.0,35.0,40.0,106.45,100.0,1
47.5,68.0,0.35,16.0,80.0,0.75,30.0,0.0,2250.0,52.1,47.9,0.0,0.0,1.5,0.75,35.0,40.0,106.45,100.0,1
45.0,54.0,0.367,15.5,74.0,0.562,40.0,10.5,2250.0,52.6,36.8,2.0,0.0,2.5,1.8,30.0,40.0,106.45,100.0,1
37.5,70.0,0.333,14.9,64.0,0.75,28.0,3.4,1500.0,57.5,39.1,0.0,0.0,2.5,1.0,40.0,40.0,106.89,100.0,1
37.5,70.0,0.4,15.0,65.0,0.75,25.0,5.4,1500.0,54.3,40.2,0.0,0.0,2.3,0.9,40.0,40.0,106.66,100.0,1
47.5,60.0,0.4,14.5,74.0,0.812,20.0,8.6,1600.0,53.8,37.6,0.0,0.0,2.0,1.5,35.0,40.0,110.0,100.0,1
40.0,62.0,0.3,16.0,84.0,0.938,28.0,0.0,2200.0,58.8,41.2,4.0,0.0,2.5,0.6,30.0,40.0,106.45,100.0,1
40.0,62.0,0.267,16.0,84.0,0.938,32.0,0.0,2200.0,58.8,41.2,4.0,0.0,1.4,1.0,30.0,40.0,106.45,100.0,1
40.0,64.0,0.2,15.5,85.0,1.0,26.0,0.0,2400.0,58.8,41.2,0.0,0.0,2.5,1.0,30.0,40.0,103.125,100.0,1
40.0,64.0,0.233,15.0,82.0,0.75,31.0,0.0,2400.0,60.0,40.0,3.0,0.0,2.5,1.0,30.0,40.0,106.66,100.0,1
50.0,69.0,0.367,17.0,82.0,0.75,50.0,0.0,1700.0,62.5,37.5,0.0,0.0,3.0,1.0,40.0,40.0,106.45,100.0,0
50.0,60.0,0.4,16.0,76.0,0.562,28.0,5.6,1600.0,55.6,38.9,0.0,0.0,1.0,0.5,35.0,40.0,110.0,100.0,1
50.0,62.0,0.4,15.4,98.0,0.75,25.0,10.6,1750.0,48.1,41.3,0.0,0.0,2.8,1.3,33.0,40.0,110.0,100.0,1
50.0,62.0,0.4,14.9,96.0,0.75,26.0,11.0,1950.0,50.0,39.0,0.0,0.0,2.8,0.8,33.0,40.0,110.0,100.0,1
50.0,68.0,0.367,13.4,70.0,,,20.4,1700.0,46.3,33.3,0.0,0.0,2.5,1.0,40.0,40.0,106.45,100.0,0
35.0,68.0,0.4,15.1,90.0,0.875,30.0,6.0,1500.0,59.5,34.5,1.0,0.0,2.5,1.0,35.0,40.0,106.89,100.0,0
,56.0,0.3,16.02,84.0,0.25,30.0,5.3,2244.0,52.6,42.1,5.0,0.0,3.0,0.8,30.0,40.0,110.0,100.0,1
32.5,56.0,0.367,15.03,79.0,0.312,28.0,5.3,2244.0,52.6,42.1,0.0,0.0,1.8,0.5,30.0,40.0,106.45,100.0,1
40.0,56.0,0.3,17.0,82.0,0.75,30.0,0.0,2550.0,52.6,47.4,0.0,0.0,2.0,1.0,33.0,40.0,103.22,100.0,1
30.0,56.0,0.283,17.0,72.0,0.75,30.0,0.0,2550.0,52.6,47.4,0.0,0.0,2.0,1.0,33.0,40.0,103.22,100.0,1
30.0,69.0,0.3,16.0,98.0,0.75,35.0,0.0,2050.0,62.5,37.5,0.0,0.0,2.75,1.0,33.0,40.0,100.0,100.0,1
45.0,69.0,0.267,15.6,72.0,0.75,21.0,5.6,2426.0,55.6,38.9,0.0,0.0,2.85,1.1,30.0,40.0,103.22,100.0,1
45.0,69.0,0.267,16.1,76.0,0.75,22.0,5.6,2426.0,55.6,38.9,0.0,0.0,2.7,0.7,30.0,40.0,103.22,100.0,1
32.5,69.0,0.2,15.5,94.0,0.75,30.0,0.5,2050.0,52.6,42.1,0.0,0.0,2.5,1.0,33.0,40.0,100.0,100.0,1
,66.0,0.2,15.0,82.0,0.812,30.0,7.0,1900.0,58.1,34.9,5.0,0.0,2.5,0.9,30.0,40.0,103.125,100.0,0
45.0,65.0,0.3,16.3,78.0,0.75,32.0,3.4,1700.0,56.8,39.8,4.0,0.0,2.5,1.0,34.0,40.0,106.45,100.0,0
40.0,68.0,0.3,14.0,88.0,0.75,32.0,0.0,1742.0,60.0,40.0,3.0,0.0,2.5,1.0,40.0,40.0,103.125,100.0,0
40.0,64.0,0.2,16.5,82.0,0.562,30.0,2.3,1900.0,57.5,40.2,0.0,0.0,1.3,0.8,30.0,40.0,106.45,100.0,0
40.0,65.0,0.267,16.2,79.0,0.625,30.0,0.0,1500.0,62.5,37.5,4.0,0.0,2.5,1.0,38.0,40.0,106.45,100.0,0
50.0,66.0,0.233,16.0,87.0,1.0,,11.1,1530.0,55.6,33.3,0.0,0.0,2.5,1.0,34.0,40.0,100.0,100.0,0
35.0,62.0,0.4,14.5,94.0,1.0,35.0,0.0,1900.0,63.3,36.7,0.0,0.0,2.5,1.0,35.0,40.0,106.89,100.0,0
40.0,62.0,,16.0,80.0,0.812,40.0,0.0,2250.0,62.5,37.5,0.0,0.0,2.5,0.7,30.0,40.0,110.0,100.0,0
42.5,58.0,0.4,15.0,76.0,1.0,20.0,5.4,2000.0,54.3,40.2,0.0,0.0,2.5,1.0,35.0,40.0,103.33,100.0,0
50.0,64.0,0.233,18.0,64.0,1.0,,0.0,1300.0,62.5,37.5,0.0,0.0,3.0,1.0,40.0,40.0,106.45,100.0,0
50.0,64.0,0.2,16.0,86.0,0.75,,0.0,1300.0,58.8,41.1,0.0,0.0,2.5,1.0,40.0,40.0,106.45,100.0,0
60.0,66.0,0.2,14.5,85.0,0.25,,0.0,,62.2,37.8,0.0,0.0,2.5,1.0,34.0,40.0,106.45,100.0,0
40.0,64.0,0.233,15.4,88.0,0.562,24.0,4.4,1835.0,55.5,40.0,2.0,0.0,2.0,1.3,30.0,40.0,106.45,100.0,1
40.0,64.0,0.2,16.0,76.0,0.812,23.0,4.8,1835.0,59.5,35.7,3.0,0.0,2.0,0.7,30.0,40.0,106.45,100.0,1
47.5,63.0,0.3,16.4,84.0,0.5,27.0,20.7,1800.0,41.3,38.0,5.0,0.0,2.6,0.3,40.0,33.0,96.7,100.0,0
50.0,50.0,0.3,14.5,84.0,0.25,24.0,20.7,1500.0,41.3,38.0,0.0,0.0,3.0,0.6,40.0,33.0,103.3,100.0,0
50.0,48.0,0.233,13.0,80.0,1.0,,18.9,1700.0,47.2,34.0,0.0,0.0,2.7,0.6,40.0,33.0,100.0,100.0,0
52.0,54.0,0.5,16.0,82.0,0.875,22.0,15.8,900.0,49.5,34.7,0.0,0.0,2.5,1.0,50.0,40.0,96.7,100.0,0
40.0,41.0,0.233,14.0,79.0,0.75,20.0,0.0,1530.0,61.7,38.3,5.0,0.0,3.1,1.8,33.0,33.0,96.9,100.0,1
45.0,42.0,0.233,15.0,76.0,0.75,30.0,0.0,2220.0,58.8,41.2,0.0,0.0,2.5,1.0,30.0,35.0,100.0,100.0,1
45.0,42.0,0.233,16.0,84.0,0.625,28.0,0.0,2220.0,54.3,45.7,0.0,0.0,2.5,1.0,30.0,35.0,100.0,100.0,1
55.0,54.0,0.267,15.0,70.0,0.625,60.0,3.4,1600.0,56.8,39.8,0.0,0.0,1.0,0.4,45.0,40.0,103.3,100.0,1
57.5,54.0,0.267,15.5,80.0,0.625,55.0,0.0,1600.0,62.5,37.5,0.0,0.0,3.0,0.5,45.0,40.0,103.3,100.0,1
40.0,54.0,0.233,15.59,89.0,1.0,,1.2,1700.0,58.1,40.7,0.0,0.0,2.5,0.6,40.0,33.0,103.3,100.0,1
40.0,38.0,0.3,16.0,92.0,0.625,25.0,1.1,1900.0,53.8,45.2,0.0,0.0,2.5,1.0,30.0,33.0,100.0,100.0,1
50.0,60.0,0.3,14.0,75.0,0.625,33.0,0.0,2000.0,65.2,34.8,0.0,0.0,0.0,0.0,35.0,40.0,96.9,100.0,0
45.0,49.0,0.2,16.0,72.0,0.375,38.0,15.0,1650.0,50.0,35.0,0.0,0.0,2.5,0.2,38.0,33.0,96.9,100.0,0
60.0,43.0,0.367,15.0,94.0,1.0,,9.5,1500.0,52.6,37.9,0.0,4.0,2.5,1.0,40.0,35.0,100.0,100.0,0
47.5,41.0,0.333,18.0,74.0,0.5,30.0,17.7,1900.0,44.2,38.1,2.0,0.0,2.5,1.0,40.0,33.0,100.0,100.0,0
47.5,52.0,0.267,14.3,98.0,0.75,55.0,11.7,1600.0,53.2,35.1,0.0,0.0,3.0,1.0,40.0,33.0,100.0,100.0,0
37.5,54.0,0.3,14.5,80.0,1.0,20.0,10.9,2400.0,54.3,34.8,0.0,0.0,2.5,0.4,30.0,40.0,103.3,100.0,1
52.5,54.0,0.267,14.6,82.0,,32.0,10.5,2400.0,52.6,36.8,0.0,0.0,2.5,0.5,30.0,40.0,100.0,100.0,1
45.0,55.0,0.3,15.0,75.0,0.75,25.0,0.0,2300.0,59.8,40.2,0.0,0.0,2.0,2.3,30.0,33.0,96.6,100.0,1
40.0,48.0,0.3,15.0,82.0,1.0,35.0,0.0,1720.0,59.3,40.7,0.0,0.0,1.5,1.5,32.0,33.0,100.0,100.0,1
40.0,48.0,0.333,15.0,75.0,1.0,30.0,0.0,1720.0,61.7,38.3,0.0,0.0,2.5,3.0,33.0,33.0,103.2,100.0,1
50.0,52.0,0.2,14.0,80.0,0.75,60.0,4.4,1700.0,54.9,40.7,0.0,0.0,2.5,1.0,40.0,33.0,100.0,100.0,0
55.0,54.0,0.233,13.23,79.0,1.0,,18.9,1700.0,47.2,34.0,0.0,0.0,2.0,0.6,40.0,33.0,100.0,100.0,1
40.0,54.0,0.267,14.42,87.0,1.0,,4.5,1700.0,56.2,39.3,0.0,0.0,2.5,1.0,40.0,33.0,96.8,100.0,1
72.5,54.0,0.2,14.5,82.0,0.75,50.0,2.2,1900.0,56.7,41.6,0.0,0.0,3.0,0.9,40.0,33.0,100.0,100.0,1
47.5,54.0,0.2,16.08,69.0,1.0,,3.3,1700.0,55.5,41.1,0.0,0.0,2.5,0.9,40.0,30.0,103.3,100.0,1
60.0,50.0,0.3,15.0,72.0,0.75,30.0,15.9,1700.0,44.2,39.8,1.0,0.0,3.0,0.5,40.0,33.0,100.0,100.0,0
50.0,48.0,0.333,15.8,70.0,,30.0,0.0,1900.0,58.8,41.2,5.0,0.0,2.5,1.2,30.0,33.0,100.0,100.0,1
50.0,48.0,0.233,15.5,68.0,0.812,30.0,0.0,1900.0,57.4,42.6,10.0,0.0,1.5,1.0,30.0,33.0,100.0,100.0,1
40.0,54.0,0.233,15.0,80.0,0.75,28.0,0.0,1800.0,58.8,41.2,0.0,0.0,2.5,1.2,30.0,33.0,100.0,100.0,1
40.0,54.0,0.3,15.0,88.0,0.75,28.0,0.0,1800.0,58.8,41.2,0.0,0.0,2.5,1.2,30.0,33.0,100.0,100.0,1
40.0,54.0,0.333,14.1,80.0,,20.0,24.8,1850.0,41.3,33.9,3.0,0.0,2.5,0.8,40.0,40.0,103.3,100.0,1
50.0,65.0,,17.0,100.0,0.625,52.0,5.6,1650.0,55.5,38.9,0.0,0.0,3.0,0.6,45.0,,,100.0,0
52.5,62.0,0.433,14.5,95.0,0.75,20.0,0.0,1950.0,58.8,41.2,0.0,0.0,2.0,1.0,38.0,35.0,100.0,100.0,0
50.0,56.0,0.2,14.3,105.0,0.75,70.0,0.0,1600.0,55.5,44.5,0.0,0.0,3.0,1.0,45.0,35.0,100.0,100.0,0
47.5,62.0,0.333,15.0,84.0,,,5.6,,56.2,38.2,0.0,0.0,2.5,1.0,35.0,40.0,96.7,100.0,1
47.5,62.0,,15.0,80.0,,,5.6,,56.2,38.2,0.0,0.0,2.5,1.0,35.0,40.0,96.9,100.0,1
30.0,58.0,0.433,15.9,81.0,0.625,30.0,0.0,2150.0,62.5,37.5,10.0,0.0,2.5,1.0,30.0,35.0,90.0,100.0,1
30.0,58.0,0.333,16.3,78.0,0.625,30.0,0.0,2150.0,58.8,41.2,10.0,0.0,2.5,1.0,30.0,35.0,90.0,100.0,1
30.0,51.0,0.3,16.0,70.0,0.812,20.0,0.0,2250.0,58.8,41.2,0.0,0.0,1.5,0.6,30.0,35.0,103.3,100.0,1
30.0,51.0,0.333,16.0,76.0,0.875,25.0,19.1,2250.0,42.7,38.2,3.0,0.0,1.2,0.5,30.0,35.0,103.3,100.0,1
30.0,58.0,0.467,15.0,98.0,0.75,30.0,0.0,2300.0,58.8,41.2,6.0,0.0,2.25,1.0,30.0,35.0,100.0,100.0,1
30.0,58.0,0.467,15.0,96.0,0.75,30.0,0.0,2300.0,58.8,41.2,6.0,0.0,3.0,0.75,30.0,35.0,100.0,100.0,1
52.5,54.0,0.433,16.3,90.0,0.75,38.0,0.0,1800.0,62.5,38.5,0.0,0.0,2.9,1.1,33.0,35.0,100.0,100.0,1
55.5,54.0,0.233,15.0,82.0,0.75,38.0,0.0,1800.0,58.8,41.2,0.0,0.0,2.0,1.0,33.0,35.0,100.0,100.0,1
40.0,54.0,,14.6,85.0,,20.0,21.7,1850.0,43.5,34.8,0.0,0.0,2.5,0.8,40.0,,,100.0,1
50.0,53.0,0.3,16.0,65.0,0.75,,15.8,1300.0,49.5,34.7,0.0,0.0,2.5,1.0,28.0,35.0,93.5,100.0,1
50.0,53.0,0.3,16.5,90.0,0.75,,11.3,1300.0,51.5,37.1,0.0,0.0,2.5,0.7,28.0,35.0,100.0,100.0,1
50.0,59.0,0.367,13.0,92.0,0.625,49.0,0.0,1300.0,58.8,41.2,0.0,0.0,3.0,1.1,40.0,35.0,100.0,100.0,0
57.5,55.0,0.333,14.0,86.0,0.75,30.0,13.0,1700.0,50.0,37.0,0.0,0.0,2.9,0.9,34.0,35.0,100.0,100.0,1
55.0,55.0,0.3,13.0,86.0,0.75,28.0,13.7,1700.0,49.0,37.3,0.0,0.0,3.0,0.8,34.0,35.0,100.0,100.0,1
,60.0,,15.5,80.0,,30.0,13.0,1750.0,54.3,32.6,0.0,0.0,2.75,1.0,33.0,,,100.0,1
,60.0,,15.0,78.0,0.625,34.0,15.0,1750.0,50.0,35.0,0.0,0.0,2.5,1.0,33.0,,,100.0,1
50.0,59.0,0.4,15.0,90.0,0.75,,0.0,1500.0,58.8,41.2,0.0,0.0,2.5,1.0,40.0,35.0,100.0,100.0,0
55.0,49.0,0.233,15.6,80.0,1.0,30.0,35.8,1950.0,41.7,22.5,1.0,0.0,2.7,1.0,40.0,37.0,100.0,100.0,0
65.0,49.0,0.333,13.5,82.0,0.625,30.0,0.0,1350.0,68.2,31.8,1.0,0.0,2.5,1.0,38.0,37.0,103.2,100.0,0
65.0,65.0,0.4,14.0,100.0,0.75,40.0,7.0,1200.0,58.1,34.9,0.0,0.0,2.5,1.0,40.0,35.0,100.0,100.0,0
50.0,58.0,0.3,16.0,,0.875,24.0,0.0,2200.0,58.8,41.2,0.0,0.0,1.2,0.6,30.0,42.0,93.75,100.0,1
65.0,58.0,0.4,15.0,74.0,0.625,32.0,0.0,1800.0,57.5,42.5,1.0,0.0,2.5,1.0,38.0,37.0,103.2,100.0,0
50.0,58.0,0.333,15.5,75.0,0.812,24.0,0.0,2200.0,58.8,41.2,0.0,0.0,1.5,0.6,30.0,42.0,100.0,100.0,1
62.5,47.0,0.167,17.0,75.0,0.75,30.0,14.3,1700.0,47.6,38.1,0.0,0.0,3.0,0.5,40.0,40.0,96.9,100.0,0
40.0,47.0,0.2,15.0,75.0,0.75,25.0,0.0,2100.0,61.1,38.9,0.0,0.0,2.4,1.1,33.0,40.0,96.9,100.0,1
45.0,47.0,0.2,14.0,80.0,0.75,20.0,18.0,1800.0,45.0,37.0,0.0,0.0,2.5,0.8,40.0,40.0,96.9,100.0,1
50.0,59.0,0.333,14.5,71.0,0.625,20.0,11.1,1650.0,55.5,33.3,0.0,0.0,2.5,1.0,40.0,,,100.0,0
60.0,58.0,0.333,15.1,93.0,1.0,25.0,0.0,1650.0,56.1,33.9,0.0,0.0,2.5,1.0,40.0,35.0,100.0,100.0,0
50.0,58.0,0.367,13.5,100.0,0.75,35.0,0.0,1750.0,55.5,44.5,3.0,0.0,2.7,0.5,40.0,35.0,100.0,100.0,0
40.0,56.0,0.3,16.5,80.0,,45.0,20.3,1400.0,44.2,35.5,0.0,0.0,3.0,0.6,40.0,35.0,100.0,100.0,1
30.0,56.0,0.433,16.0,70.0,,60.0,21.8,1400.0,45.4,32.8,0.0,0.0,3.0,0.9,40.0,40.0,96.8,100.0,1
37.5,56.0,0.3,14.0,82.0,0.625,28.0,0.0,1700.0,58.8,41.2,2.0,0.0,2.5,0.5,40.0,35.0,100.0,100.0,1
50.0,56.0,0.333,14.6,74.0,0.75,,7.5,1400.0,53.8,38.7,0.0,4.0,2.4,0.8,40.0,40.0,96.8,100.0,1
57.5,56.0,0.5,13.8,73.0,0.75,,4.4,1400.0,52.7,42.9,0.0,0.0,2.0,0.5,40.0,40.0,96.8,100.0,1
45.0,55.0,0.2,14.0,73.0,0.75,30.0,0.0,2100.0,61.1,38.9,0.0,0.0,2.5,0.8,33.0,40.0,96.8,100.0,0
30.0,56.0,0.2,14.7,87.0,0.875,20.0,0.0,2150.0,58.8,41.2,12.0,0.0,1.5,0.6,30.0,40.0,96.8,100.0,1
40.0,56.0,0.333,15.3,86.0,0.812,32.0,0.0,2150.0,58.8,41.2,12.0,0.0,2.2,0.8,30.0,35.0,100.0,100.0,1
55.0,56.0,0.4,15.0,87.0,0.75,,0.0,1250.0,62.5,37.5,0.0,0.0,2.5,1.0,40.0,40.0,96.8,100.0,1
55.0,56.0,0.4,15.0,93.0,0.75,,0.0,1250.0,62.5,37.5,0.0,0.0,2.5,1.0,40.0,40.0,96.8,100.0,1
60.0,56.0,0.3,16.0,87.0,0.625,26.0,10.5,1450.0,50.5,39.0,3.0,0.0,3.0,1.3,40.0,40.0,93.75,100.0,0
60.0,53.0,0.3,18.0,103.0,0.625,50.0,22.1,1600.0,41.0,36.9,0.0,0.0,3.0,0.7,40.0,35.0,105.2,100.0,1
57.5,53.0,0.367,14.5,70.0,0.625,58.0,20.2,1600.0,42.0,37.8,3.0,0.0,3.0,1.0,40.0,35.0,105.2,100.0,1
62.5,61.0,0.3,14.0,85.0,0.75,50.0,3.5,1660.0,56.8,39.7,2.0,0.0,3.0,1.0,32.0,40.0,93.75,100.0,1
65.0,61.0,0.367,14.8,80.0,0.375,45.0,19.5,1660.0,42.4,38.1,0.0,0.0,3.0,1.0,32.0,35.0,105.2,100.0,1
50.0,61.0,0.267,14.2,88.0,1.0,29.0,0.0,2350.0,52.6,47.4,,0.0,2.5,1.1,30.0,40.0,93.75,100.0,1
50.0,61.0,0.333,13.0,72.0,1.0,41.0,0.0,2350.0,58.8,41.2,,0.0,2.0,1.0,30.0,35.0,105.2,100.0,1
45.0,61.0,0.4,14.0,78.0,0.75,20.0,25.6,2100.0,42.7,31.7,0.0,0.0,2.5,0.8,30.0,35.0,105.2,100.0,1
50.0,61.0,0.333,13.1,70.0,0.75,25.0,21.7,2100.0,41.7,36.6,5.0,0.0,2.5,0.8,30.0,35.0,105.2,100.0,1
32.5,54.0,0.267,15.5,78.0,1.0,25.0,0.0,1900.0,58.8,41.2,10.0,0.0,2.5,0.5,30.0,35.0,93.3,100.0,1
32.5,54.0,0.5,15.5,78.0,1.0,25.0,0.0,1900.0,58.8,41.2,10.0,0.0,1.4,0.8,30.0,35.0,103.2,100.0,1
40.0,54.0,0.2,15.0,72.0,0.75,35.0,0.0,2500.0,58.5,41.5,0.0,0.0,2.1,1.1,30.0,40.0,100.0,100.0,1
40.0,54.0,0.367,15.0,78.0,0.75,20.0,0.0,2500.0,61.1,38.9,0.0,0.0,2.5,0.7,30.0,40.0,100.0,100.0,1
45.0,54.0,0.2,15.0,80.0,0.812,20.0,0.0,2000.0,58.8,41.2,0.0,0.0,1.5,0.6,33.0,35.0,111.1,100.0,1
,51.0,0.167,16.0,75.0,0.5,30.0,0.0,1800.0,58.8,41.2,0.0,0.0,2.1,1.0,30.0,35.0,100.0,100.0,0
40.0,54.0,0.4,15.2,88.0,0.875,,5.9,2300.0,49.5,44.6,8.0,0.0,2.5,1.0,33.0,35.0,111.1,100.0,1
40.0,54.0,0.333,14.7,90.0,0.875,,0.0,2300.0,52.6,47.4,4.0,0.0,3.0,1.1,33.0,35.0,111.1,100.0,1
57.5,54.0,0.367,16.2,79.0,0.5,23.0,19.0,1500.0,47.6,33.4,5.0,0.0,3.0,1.0,32.0,35.0,93.3,100.0,1
60.0,53.0,0.333,16.5,88.0,0.75,55.0,22.1,1550.0,41.0,36.9,0.0,0.0,3.0,0.8,40.0,35.0,105.1,100.0,1
55.0,54.0,0.3,15.8,79.0,0.5,30.0,12.4,1500.0,51.5,36.1,0.0,0.0,3.0,0.5,32.0,35.0,93.3,100.0,1
60.0,53.0,0.3,14.7,70.0,0.75,50.0,20.2,1550.0,42.0,37.8,3.0,0.0,3.0,1.0,40.0,35.0,111.1,100.0,1
45.0,53.0,0.3,15.2,78.0,1.0,,13.3,2150.0,51.0,35.7,2.0,0.0,2.5,1.1,30.0,35.0,111.1,100.0,1
35.0,53.0,0.267,14.7,80.0,1.0,,5.5,2150.0,55.6,38.9,0.0,0.0,2.5,0.4,30.0,35.0,111.1,100.0,1
35.0,55.0,0.5,15.0,70.0,0.5,32.0,0.0,1950.0,58.8,41.2,0.0,0.0,2.5,1.3,30.0,35.0,100.0,100.0,0
35.0,55.0,0.233,15.0,70.0,0.5,35.0,0.0,2000.0,58.8,41.2,0.0,0.0,2.5,1.5,30.0,35.0,100.0,100.0,0
,54.0,0.333,17.0,94.0,0.25,26.0,0.0,1900.0,56.8,43.2,0.0,0.0,2.5,0.9,30.0,35.0,100.0,100.0,1
,54.0,0.2,14.0,80.0,0.312,34.0,3.4,1900.0,56.8,39.8,0.0,0.0,2.5,1.3,30.0,40.0,106.7,100.0,1
30.0,50.0,0.2,15.6,84.0,1.0,,0.0,2400.0,58.8,41.2,4.0,0.0,2.5,0.9,33.0,35.0,96.8,100.0,1
30.0,50.0,0.333,15.8,92.0,1.0,,0.0,2400.0,58.5,41.2,2.0,0.0,3.0,1.4,33.0,35.0,96.8,100.0,1
45.0,50.0,0.2,14.5,70.0,0.75,42.0,5.3,1700.0,52.6,42.1,0.0,0.0,3.0,0.8,40.0,45.0,100.0,100.0,1
40.0,50.0,0.267,13.5,75.0,0.75,45.0,0.0,1700.0,58.8,41.2,0.0,0.0,3.0,0.6,40.0,35.0,100.0,100.0,1
50.0,50.0,0.2,16.2,75.0,0.75,25.0,3.3,1850.0,54.9,41.8,2.0,0.0,2.7,0.9,40.0,35.0,100.0,100.0,1
45.0,54.0,0.333,14.8,70.0,0.75,50.0,13.0,1420.0,54.3,32.6,0.0,0.0,3.0,0.9,28.0,35.0,106.9,100.0,1
45.0,54.0,0.233,14.3,67.0,0.75,45.0,12.3,1420.0,51.5,36.1,0.0,0.0,3.0,0.6,28.0,35.0,106.9,100.0,1
45.0,54.0,0.267,14.0,90.0,0.75,30.0,0.0,2000.0,58.8,41.2,0.0,0.0,3.0,1.0,33.0,40.0,103.3,100.0,1
30.0,54.0,0.233,15.8,68.0,0.75,25.0,6.4,2000.0,53.2,40.4,4.0,0.0,2.3,0.8,35.0,35.0,106.9,100.0,1
30.0,54.0,0.5,13.6,70.0,0.812,30.0,0.0,2000.0,58.8,41.2,0.0,0.0,2.3,0.9,30.0,35.0,100.0,100.0,1
30.0,54.0,0.333,16.8,71.0,0.75,25.0,18.0,2000.0,45.0,36.9,0.0,0.0,2.5,0.9,35.0,35.0,106.9,100.0,1
30.0,54.0,0.167,14.6,70.0,0.812,30.0,0.0,2000.0,58.8,41.2,0.0,0.0,1.5,0.6,30.0,35.0,106.9,100.0,1
45.0,54.0,0.167,18.0,90.0,0.5,26.0,8.3,1875.0,52.1,39.6,0.0,0.0,3.0,1.0,33.0,35.0,106.9,100.0,1
45.0,54.0,0.367,15.0,100.0,0.75,33.0,2.3,2000.0,56.8,40.9,0.0,0.0,2.75,0.9,33.0,35.0,106.9,100.0,1
45.0,56.0,0.3,15.5,78.0,0.75,,11.1,1350.0,55.5,33.3,0.0,0.0,2.2,0.9,28.0,35.0,100.0,100.0,1
45.0,56.0,0.233,16.0,64.0,0.75,,11.1,1350.0,55.5,33.3,0.0,0.0,2.5,0.5,28.0,40.0,103.3,100.0,1
45.0,56.0,0.333,14.9,85.0,1.0,30.0,17.3,1600.0,48.1,34.6,0.0,0.0,2.8,1.0,40.0,35.0,100.0,100.0,1
30.0,56.0,0.367,14.7,83.0,1.0,30.0,10.8,1600.0,53.8,35.5,0.0,6.0,2.6,1.2,40.0,35.0,100.0,100.0,1
57.5,57.0,0.367,15.3,84.0,1.0,30.0,19.0,2400.0,47.6,33.3,0.0,0.0,3.0,1.0,33.0,40.0,93.75,100.0,1
57.5,57.0,,14.2,78.0,1.0,30.0,10.5,2400.0,52.6,36.8,0.0,0.0,2.5,1.0,33.0,40.0,93.75,100.0,1
47.5,49.0,0.367,15.0,84.0,0.75,28.0,2.2,1600.0,54.3,43.5,0.0,0.0,3.0,0.9,34.0,30.0,108.1,100.0,0
57.5,51.0,0.333,15.2,70.0,0.625,25.0,11.1,1850.0,50.5,38.4,3.0,0.0,2.5,0.8,34.0,30.0,100.0,100.0,1
57.5,51.0,0.267,15.6,81.0,0.75,25.0,9.8,1850.0,49.0,41.2,0.0,0.0,2.7,0.6,34.0,30.0,100.0,100.0,1
40.0,55.0,0.533,15.4,80.0,0.812,30.0,10.2,2400.0,51.0,38.8,0.0,0.0,1.7,0.7,30.0,45.0,93.75,100.0,1
45.0,55.0,0.3,16.1,82.0,0.75,30.0,0.0,2400.0,58.8,41.2,0.0,0.0,2.0,0.8,30.0,45.0,93.75,100.0,1
40.0,54.0,0.3,15.0,70.0,,,10.0,,50.0,40.0,0.0,0.0,2.5,0.8,60.0,30.0,100.0,100.0,1
42.5,54.0,0.3,15.0,70.0,,,13.4,1500.0,48.1,38.5,2.0,0.0,2.5,1.0,60.0,45.0,93.75,100.0,1
52.5,55.0,0.333,14.0,70.0,0.625,55.0,7.9,1600.0,57.5,34.44,4.0,0.0,3.0,0.8,40.0,45.0,93.75,100.0,1
52.5,55.0,0.433,14.0,80.0,,55.0,9.9,1600.0,49.5,40.6,0.0,0.0,3.0,0.5,40.0,45.0,93.75,100.0,1
35.0,72.0,0.367,15.2,72.0,1.0,36.0,0.0,2200.0,65.2,34.8,0.0,0.0,2.5,1.0,30.0,40.0,93.6,90.0,0
35.0,56.0,0.267,15.0,70.0,1.0,33.0,0.0,2350.0,65.2,34.8,0.0,0.0,2.5,1.0,30.0,40.0,93.75,90.0,0
,46.0,,16.0,72.0,0.5,32.0,0.0,1673.0,58.8,41.2,0.0,0.0,2.5,1.5,30.0,,,,0
40.0,60.0,0.2,15.5,73.0,0.75,28.0,0.0,1850.0,65.2,34.8,0.0,0.0,2.8,1.0,30.0,40.0,100.0,90.0,0
60.0,50.0,0.233,14.5,70.0,0.75,45.0,15.6,1650.0,45.8,38.5,2.0,0.0,2.5,1.0,40.0,40.0,100.0,100.0,1
60.0,50.0,0.267,14.9,88.0,0.375,32.0,10.3,1700.0,51.5,38.1,5.0,0.0,3.0,1.3,40.0,40.0,103.3,100.0,1
60.0,50.0,0.3,14.5,60.0,0.75,40.0,19.0,1650.0,47.6,33.3,0.0,0.0,2.5,1.0,40.0,40.0,103.3,100.0,1
65.0,50.0,0.267,15.0,86.0,0.25,28.0,10.5,1700.0,52.6,36.8,2.0,0.0,2.5,0.6,40.0,40.0,103.3,100.0,1
55.0,47.0,0.367,13.0,70.0,,,14.1,1600.0,50.5,35.3,0.0,0.0,2.5,0.5,40.0,35.0,106.25,100.0,1
65.0,47.0,0.367,12.0,68.0,,,0.0,1600.0,58.8,41.2,0.0,0.0,2.8,0.8,40.0,35.0,106.25,100.0,1
55.0,47.0,0.233,15.5,74.0,,,0.0,1600.0,62.5,37.5,0.0,0.0,2.5,1.0,40.0,35.0,106.25,100.0,1
55.0,47.0,0.2,14.0,71.0,,,0.0,1600.0,62.5,37.5,0.0,0.0,2.5,0.7,40.0,40.0,90.3,100.0,1
65.0,60.0,0.267,14.5,80.0,0.25,38.0,15.8,1900.0,49.5,34.6,0.0,0.0,2.9,0.7,40.0,40.0,103.3,100.0,1
60.0,60.0,0.267,14.0,76.0,0.375,30.0,10.3,1900.0,51.5,38.1,5.0,0.0,2.6,1.1,40.0,40.0,103.3,100.0,1
40.0,49.0,0.267,14.0,82.0,0.625,30.0,0.0,2150.0,65.2,34.8,1.0,0.0,2.5,0.9,30.0,40.0,93.75,90.0,0
55.0,50.0,0.133,14.0,80.0,0.625,32.0,8.0,2000.0,60.0,32.0,0.0,0.0,2.5,0.9,35.0,40.0,93.55,90.0,0
55.0,48.0,0.367,14.5,76.0,0.5,30.0,8.0,2000.0,60.0,32.0,0.0,0.0,2.5,1.0,35.0,40.0,93.55,90.0,0
55.0,50.0,0.267,17.0,89.0,1.0,22.0,10.4,1650.0,52.1,37.5,0.75,0.0,2.5,1.1,34.0,40.0,93.55,90.0,0
55.0,50.0,0.2,17.0,78.0,0.25,32.0,9.7,1900.0,52.2,38.1,0.0,0.0,3.0,0.9,35.0,40.0,96.97,90.0,0
42.5,48.0,0.2,16.0,70.0,0.812,35.0,0.0,2050.0,66.7,33.3,2.0,0.0,1.7,1.0,30.0,40.0,93.55,90.0,1
42.5,48.0,0.2,15.0,76.0,0.875,30.0,3.6,2050.0,60.2,36.2,0.0,0.0,2.5,1.0,30.0,40.0,93.55,90.0,1
35.0,48.0,0.233,14.5,76.0,0.75,20.0,0.0,2225.0,62.5,37.5,4.0,0.0,2.7,1.2,33.0,40.0,106.25,90.0,1
35.0,48.0,0.3,14.5,74.0,0.75,20.0,0.0,2225.0,62.5,37.5,4.0,0.0,2.0,1.2,33.0,40.0,106.25,90.0,1
30.0,48.0,0.233,15.0,88.0,0.75,35.0,7.7,,57.7,34.6,0.0,0.0,2.8,0.8,30.0,40.0,100.0,90.0,1
47.5,49.0,0.433,14.5,88.0,0.625,25.0,34.5,2000.0,43.5,22.0,0.0,0.0,2.5,0.7,40.0,40.0,96.97,90.0,1
60.0,48.0,0.367,14.0,76.0,1.0,,5.6,1600.0,55.6,38.8,0.0,0.0,2.5,0.7,40.0,40.0,96.97,90.0,1
60.0,48.0,0.4,16.0,72.0,1.0,,15.2,1600.0,44.6,40.2,0.0,4.0,2.1,0.7,40.0,40.0,96.97,90.0,1
47.5,52.0,0.3,15.2,76.0,0.75,30.0,17.5,1700.0,48.7,33.8,0.0,0.0,2.5,0.8,35.0,40.0,114.3,100.0,0
42.5,52.0,0.333,16.8,80.0,0.625,40.0,0.0,1700.0,54.3,45.7,3.0,0.0,3.0,1.0,34.0,40.0,107.4,100.0,1
47.5,53.0,0.3,15.0,72.0,0.75,25.0,22.0,1500.0,45.9,32.1,0.0,0.0,2.5,0.8,35.0,40.0,114.3,100.0,0
47.5,58.0,0.333,14.0,85.0,0.75,28.0,16.5,1800.0,48.5,35.0,0.0,0.0,2.5,0.5,35.0,40.0,114.3,100.0,0
55.0,48.0,0.233,18.0,76.0,0.25,24.0,10.0,1600.0,60.0,30.0,0.0,0.0,3.0,0.9,35.0,40.0,93.55,90.0,0
30.0,52.0,0.333,16.5,80.0,0.625,40.0,0.0,1800.0,58.1,41.9,1.0,0.0,2.5,0.4,35.0,40.0,107.4,100.0,0
42.5,52.0,0.233,18.0,70.0,0.625,45.0,0.0,1700.0,58.8,41.2,0.0,0.0,3.0,0.7,34.0,40.0,103.125,100.0,1
47.5,54.0,0.3,14.0,65.0,0.625,25.0,16.1,1500.0,44.6,39.3,4.0,0.0,2.5,1.0,34.0,40.0,114.29,100.0,0
60.0,46.0,0.333,,80.0,0.625,50.0,12.4,1391.0,51.5,36.1,2.0,0.0,2.7,1.0,38.5,40.0,114.29,100.0,1
60.0,46.0,0.333,,70.0,0.625,50.0,19.0,1391.0,47.6,33.3,0.0,0.0,2.7,0.7,38.5,40.0,114.29,100.0,1
35.0,50.0,0.3,14.0,74.0,0.25,28.0,0.0,2500.0,58.8,41.2,0.0,0.0,2.5,0.7,30.0,40.0,114.29,100.0,1
40.0,50.0,0.3,13.0,74.0,0.25,25.0,0.0,2500.0,58.8,41.2,2.0,0.0,2.5,0.5,30.0,40.0,114.29,100.0,1
30.0,53.0,0.333,14.0,85.0,0.75,30.0,15.0,2290.0,50.0,35.0,0.0,0.0,2.0,1.5,33.0,40.0,110.7,100.0,1
30.0,53.0,0.3,15.0,80.0,0.75,30.0,15.0,2290.0,50.0,35.0,0.0,0.0,2.5,1.0,33.0,40.0,110.7,100.0,1
30.0,54.0,0.333,16.3,80.0,0.812,30.0,0.0,2100.0,60.0,40.0,3.0,0.0,2.5,1.2,30.0,40.0,114.29,100.0,1
30.0,54.0,,14.9,72.0,1.25,30.0,3.6,2100.0,60.2,36.1,1.5,0.0,2.5,1.2,30.0,40.0,114.29,100.0,1
35.0,43.0,0.367,13.0,75.0,0.75,,0.0,2000.0,62.5,37.5,0.0,0.0,2.5,1.1,30.0,40.0,100.0,100.0,0
52.5,43.0,0.267,15.0,71.0,0.75,28.0,7.4,1500.0,53.2,39.4,0.0,0.0,2.5,1.0,34.0,40.0,98.3,100.0,0
65.0,43.0,0.2,16.0,78.0,0.75,30.0,12.0,2100.0,46.3,41.7,0.0,0.0,2.0,1.0,40.0,40.0,100.0,100.0,0
65.0,42.0,0.233,17.5,100.0,1.125,25.0,17.5,2250.0,48.5,34.0,0.0,0.0,2.5,1.0,40.0,40.0,100.0,100.0,1
65.0,42.0,0.2,17.0,80.0,1.0,22.0,15.0,2250.0,50.0,35.0,1.0,0.0,2.5,1.0,40.0,40.0,100.0,100.0,1
37.5,43.0,0.2,16.0,76.0,0.938,,0.0,2180.0,62.5,37.5,2.0,0.0,2.9,1.2,33.0,40.0,96.77,100.0,0
,42.0,,16.1,73.0,0.625,30.0,0.0,2000.0,61.9,38.1,0.0,0.0,2.8,1.0,30.0,,,,0
35.0,43.0,0.367,13.0,75.0,0.75,,0.0,2000.0,62.5,37.5,0.0,0.0,2.5,1.1,30.0,40.0,100.0,100.0,0
35.0,42.0,0.3,15.9,78.0,0.375,32.0,0.0,2150.0,62.5,37.5,0.0,0.0,1.7,0.9,30.0,40.0,101.67,100.0,0
40.0,43.0,0.233,15.5,85.0,0.75,25.0,4.7,2000.0,58.1,37.2,0.0,0.0,2.5,1.0,33.0,40.0,96.77,100.0,0
40.0,43.0,0.267,17.2,78.0,0.938,,1.0,2180.0,58.3,40.7,2.0,0.0,2.4,0.8,33.0,40.0,96.77,100.0,0
50.0,43.0,0.267,17.0,72.0,0.625,30.0,14.3,1600.0,47.6,38.1,0.0,0.0,2.5,1.0,34.0,40.0,96.77,100.0,0
50.0,42.0,0.2,17.0,73.0,0.438,20.0,18.5,1800.0,46.3,35.1,2.0,0.0,2.5,1.0,34.0,40.0,100.0,100.0,0
40.0,43.0,0.2,13.5,76.0,0.75,52.0,4.4,1726.0,55.0,40.6,0.0,0.0,3.0,1.0,40.0,40.0,96.77,100.0,1
40.0,43.0,0.267,16.4,79.0,0.312,35.0,0.5,2400.0,59.5,40.0,0.5,0.0,2.6,1.1,35.0,40.0,96.77,100.0,1
40.0,51.0,0.233,15.0,70.0,0.25,24.0,0.5,0.0,59.5,40.0,0.0,0.0,3.0,1.0,35.0,40.0,100.0,100.0,0
32.5,43.0,0.2,13.0,80.0,0.75,28.0,0.0,1500.0,62.5,37.5,0.0,0.0,0.0,0.0,30.0,40.0,100.0,100.0,0
40.0,43.0,0.233,15.6,81.0,0.5,34.0,0.0,2400.0,62.5,37.5,5.0,0.0,,0.9,35.0,40.0,96.77,100.0,1
37.5,43.0,0.2,15.8,80.0,0.5,32.0,0.0,2400.0,62.5,37.5,5.0,0.0,2.5,0.9,35.0,40.0,96.77,100.0,1
45.0,42.0,0.267,14.9,75.0,1.0,25.0,10.5,1660.0,52.6,36.9,0.0,0.0,2.5,1.0,30.0,40.0,101.67,100.0,1
45.0,42.0,0.2,14.0,80.0,,20.0,7.6,,54.3,38.1,0.0,0.0,,,30.0,40.0,101.67,100.0,1
45.0,43.0,0.2,16.0,80.0,0.75,30.0,3.1,2200.0,51.0,45.9,0.0,0.0,2.5,1.3,35.0,40.0,103.33,100.0,1
50.0,43.0,0.2,15.5,72.0,0.75,30.0,5.1,2200.0,50.6,44.3,0.0,0.0,2.5,1.3,35.0,40.0,96.77,100.0,1
40.0,45.0,0.233,13.6,90.0,0.75,45.0,0.0,1386.0,62.5,37.5,0.0,0.0,3.0,0.7,40.0,40.0,96.77,100.0,0
40.0,42.0,0.2,15.0,65.0,0.75,55.0,0.0,1650.0,62.5,37.5,0.0,0.0,2.5,1.0,40.0,40.0,96.77,100.0,0
50.0,43.0,0.267,14.0,74.0,0.625,20.0,2.2,1800.0,56.2,41.6,0.0,0.0,3.0,1.0,38.0,40.0,96.875,100.0,0
50.0,47.0,0.2,16.2,74.0,0.75,28.0,10.8,2000.0,53.4,35.8,0.0,0.0,2.5,1.3,30.0,40.0,100.0,100.0,0
50.0,47.0,0.267,16.0,92.0,0.75,35.0,0.0,1800.0,68.0,32.0,1.0,0.0,2.6,1.2,30.0,40.0,100.0,100.0,0
32.5,47.0,0.267,16.1,88.0,0.312,28.0,0.0,2189.0,62.5,37.5,0.0,0.0,2.4,0.8,30.0,40.0,100.0,100.0,1
32.5,47.0,0.2,20.0,79.0,0.312,29.0,0.0,2189.0,58.1,41.9,5.0,0.0,2.5,1.25,30.0,40.0,100.0,100.0,1
70.0,43.0,0.3,18.1,78.0,0.5,28.0,14.4,2125.0,48.1,37.5,5.0,0.0,3.0,0.9,33.0,40.0,100.0,100.0,1
70.0,43.0,0.233,16.0,77.0,0.818,28.0,15.9,2125.0,46.5,37.6,3.0,0.0,1.75,0.6,33.0,40.0,100.0,100.0,1
40.0,47.0,0.2,16.53,78.0,0.812,24.0,0.0,2189.0,58.8,41.2,0.0,0.0,2.0,0.8,30.0,40.0,100.0,100.0,1
32.5,45.0,0.233,14.0,94.0,0.625,25.0,0.0,1800.0,66.7,33.3,0.0,0.0,2.1,1.0,30.0,40.0,100.0,100.0,0
40.0,47.0,0.267,15.0,88.0,0.5,34.0,0.0,1700.0,62.5,37.5,0.0,0.0,0.0,0.0,30.0,40.0,100.0,100.0,0
40.0,46.0,0.3,15.0,70.0,0.75,50.0,0.0,1800.0,53.9,46.1,0.0,0.0,2.5,1.0,40.0,40.0,100.0,100.0,0
40.0,50.0,0.233,14.0,70.0,0.75,45.0,0.0,1800.0,60.2,39.8,0.0,0.0,2.5,1.0,40.0,40.0,100.0,100.0,0
45.0,41.0,0.2,15.0,78.0,0.75,20.0,14.6,1800.0,48.5,36.9,0.0,0.0,2.5,1.0,34.0,40.0,100.0,100.0,1
45.0,42.0,0.2,14.0,75.0,1.0,20.0,11.2,1800.0,51.0,37.8,8.0,0.0,2.5,1.0,35.0,40.0,100.0,100.0,1
45.0,42.0,0.333,14.0,75.0,1.0,20.0,0.0,1800.0,58.9,41.1,8.0,0.0,3.0,2.0,35.0,40.0,100.0,100.0,1
45.0,41.0,0.333,15.8,78.0,1.0,40.0,0.0,2300.0,62.5,37.5,4.0,0.0,2.5,1.4,35.0,40.0,100.0,100.0,1
45.0,41.0,0.2,14.6,74.0,1.0,32.0,21.0,2300.0,47.6,31.4,4.0,0.0,2.5,1.1,35.0,40.0,96.77,100.0,1
45.0,42.0,0.4,14.8,72.0,0.625,20.0,0.0,1800.0,58.8,41.2,0.0,0.0,2.5,0.9,34.0,40.0,106.25,100.0,1
50.0,42.0,0.267,16.0,88.0,0.75,33.0,11.5,1650.0,52.1,36.4,0.0,0.0,2.5,1.0,38.0,40.0,106.25,100.0,1
50.0,42.0,0.3,17.0,88.0,0.75,30.0,0.0,1600.0,62.5,27.5,5.0,0.0,2.6,1.0,38.0,40.0,106.25,100.0,0
50.0,42.0,0.233,15.0,90.0,1.0,35.0,0.0,1650.0,55.5,44.5,0.0,0.0,2.5,1.0,38.0,40.0,100.0,100.0,0
50.0,42.0,0.367,15.5,73.0,0.625,20.0,3.6,1800.0,60.2,36.2,0.0,0.0,2.5,0.9,34.0,40.0,106.25,100.0,1
45.0,43.0,0.3,20.0,84.0,0.625,33.0,,1200.0,,,0.0,0.0,2.5,0.5,40.0,40.0,106.25,100.0,0
45.0,42.0,0.3,15.0,70.0,0.812,40.0,0.0,1500.0,58.8,41.2,3.0,0.0,2.0,1.0,30.0,40.0,100.0,100.0,0
40.0,42.0,0.2,12.7,84.0,0.5,32.0,0.0,1750.0,62.5,37.5,0.0,0.0,2.5,0.9,40.0,40.0,100.0,100.0,1
40.0,42.0,0.333,15.5,64.0,0.625,20.0,10.5,1550.0,52.6,36.9,0.0,0.0,2.0,0.6,40.0,40.0,106.25,100.0,1
40.0,42.0,0.333,16.0,78.0,0.625,20.0,0.0,1550.0,62.5,37.5,0.0,0.0,2.5,1.0,40.0,40.0,106.25,100.0,1
32.0,42.0,0.233,16.0,70.0,0.625,46.0,0.0,1350.0,60.2,39.8,0.0,0.0,3.0,1.0,34.0,40.0,100.0,100.0,1
32.0,42.0,0.233,16.0,70.0,0.625,48.0,0.0,1350.0,63.9,36.1,0.0,0.0,3.0,1.0,34.0,40.0,100.0,100.0,1
67.5,50.0,0.167,16.5,73.0,0.875,20.0,18.1,1800.0,47.6,34.3,0.0,0.0,2.5,0.8,34.0,40.0,110.71,100.0,0
45.0,60.0,0.3,16.0,88.0,0.75,33.0,0.0,1500.0,56.8,43.2,0.0,0.0,2.9,1.1,40.0,40.0,103.22,100.0,0
42.0,42.0,0.267,14.5,78.0,1.0,28.0,0.0,1800.0,61.7,38.3,0.0,0.0,2.5,2.0,40.0,40.0,100.0,100.0,0
45.0,40.0,0.3,16.0,89.0,0.625,22.0,0.0,1300.0,60.0,40.0,1.0,0.0,2.5,1.0,40.0,40.0,106.45,100.0,0
45.0,42.0,0.267,14.0,89.0,0.75,26.0,0.0,1450.0,58.8,41.2,1.0,0.0,2.5,1.0,40.0,40.0,103.22,100.0,0
40.0,54.0,0.3,14.8,87.0,,29.0,0.0,1000.0,58.8,41.2,0.0,0.0,2.9,1.0,40.0,40.0,106.45,100.0,0
45.0,42.0,0.367,16.0,83.0,0.625,30.0,0.0,1950.0,58.8,41.2,0.0,0.0,2.5,1.0,40.0,40.0,106.45,100.0,0
45.0,41.0,0.267,13.3,70.0,0.75,50.0,0.0,1700.0,60.2,39.8,0.0,0.0,3.0,0.8,38.0,40.0,117.85,100.0,1
45.0,41.0,0.267,13.3,70.0,0.75,50.0,0.0,1700.0,63.9,36.1,0.0,0.0,3.0,0.7,38.0,40.0,117.85,100.0,1
35.0,42.0,0.2,15.5,80.0,1.0,26.0,0.0,1800.0,62.5,37.5,3.0,0.0,2.5,2.0,40.0,40.0,100.0,100.0,1
65.0,50.0,0.2,15.1,75.0,0.625,20.0,19.0,1800.0,47.6,33.4,0.0,0.0,2.7,0.6,34.0,40.0,110.71,100.0,1
55.0,40.0,0.3,15.1,69.0,0.625,20.0,19.5,1450.0,44.2,36.3,0.0,0.0,2.5,0.9,34.0,40.0,106.45,100.0,1
62.0,52.0,0.433,15.0,78.0,0.75,28.0,5.9,1400.0,58.8,35.3,4.0,0.0,2.5,0.8,40.0,40.0,103.22,100.0,0
37.5,42.0,0.2,16.0,70.0,0.375,28.0,0.0,2400.0,58.8,41.2,3.0,0.0,3.0,0.8,30.0,40.0,106.45,100.0,0
40.0,54.0,0.267,22.2,77.0,0.625,32.0,6.25,1000.0,56.25,37.5,0.0,0.0,3.0,1.2,40.0,40.0,106.45,100.0,0
37.5,40.0,0.2,14.0,80.0,0.25,24.0,0.0,2400.0,58.8,41.2,2.0,0.0,2.5,0.8,30.0,40.0,106.45,100.0,1
37.5,50.0,,15.5,95.0,0.625,26.0,0.0,2350.0,62.5,37.5,1.0,0.0,2.6,0.6,30.0,40.0,106.45,100.0,1
37.5,41.0,,15.0,80.0,0.5,30.0,0.0,2398.0,58.8,41.2,9.0,0.0,2.5,0.7,30.0,40.0,106.45,100.0,1
50.0,40.0,0.3,15.0,72.0,0.75,30.0,0.0,2233.0,58.8,41.2,8.0,0.0,1.5,1.0,33.0,40.0,106.45,100.0,1
50.0,40.0,0.233,15.0,88.0,0.75,30.0,0.0,2233.0,58.8,41.2,8.0,0.0,3.0,1.0,33.0,40.0,106.45,100.0,1
45.0,41.0,0.2,16.1,74.0,1.0,30.0,0.0,1800.0,62.5,37.5,1.0,0.0,2.5,1.2,30.0,40.0,106.45,100.0,1
50.0,41.0,0.2,15.7,80.0,1.0,43.0,0.0,1800.0,62.5,37.5,1.0,0.0,2.5,1.5,30.0,40.0,106.45,100.0,1
30.0,41.0,0.333,15.5,74.0,0.812,30.0,2.5,1900.0,58.0,39.5,4.5,0.0,1.9,1.3,30.0,40.0,114.28,100.0,1
40.0,41.0,0.267,15.5,76.0,0.75,28.0,3.6,1750.0,60.2,36.1,4.0,0.0,3.0,1.0,40.0,40.0,117.85,100.0,1
52.0,52.0,0.267,16.0,78.0,0.75,30.0,14.1,1250.0,50.5,53.4,0.0,0.0,3.0,0.9,34.0,40.0,103.22,100.0,0
45.0,62.0,0.233,15.0,76.0,0.75,50.0,0.0,1500.0,58.8,41.2,0.0,0.0,3.0,1.2,38.0,40.0,103.225,100.0,0
40.0,58.0,0.2,17.0,75.0,0.056,30.0,0.0,1900.0,58.8,41.2,0.0,0.0,2.6,1.4,30.0,40.0,103.225,100.0,0
60.0,60.0,0.233,15.0,80.0,0.75,56.0,14.3,1380.0,47.6,38.1,0.0,0.0,3.0,1.0,38.0,40.0,106.4,100.0,1
47.5,65.0,0.2,14.0,80.0,0.5,27.0,11.5,1725.0,52.1,36.4,3.0,0.0,3.0,0.9,34.0,40.0,103.125,100.0,1
40.0,58.0,0.2,15.5,84.0,0.375,25.0,9.0,2000.0,52.8,38.2,5.0,0.0,3.0,1.1,35.0,40.0,103.125,100.0,1
40.0,58.0,0.267,15.0,80.0,0.188,,3.2,2000.0,53.8,43.0,0.0,0.0,2.5,1.0,35.0,40.0,103.125,100.0,1
47.5,65.0,0.2,15.7,87.0,0.25,,5.6,1725.0,55.6,38.9,3.0,0.0,3.0,0.85,34.0,40.0,103.125,100.0,1
40.0,62.0,0.2,13.7,91.0,0.375,32.0,5.6,2300.0,55.6,38.9,2.0,0.0,2.5,1.0,33.0,40.0,100.0,100.0,1
40.0,62.0,0.2,14.9,80.0,0.5,28.0,3.4,2303.0,56.8,39.8,2.0,0.0,2.5,0.6,33.0,40.0,100.0,100.0,1
45.0,58.0,0.2,15.0,75.0,0.625,20.0,10.5,2100.0,52.6,36.8,0.0,0.0,2.5,0.7,33.0,40.0,103.125,100.0,1
45.0,58.0,0.2,15.0,72.0,0.625,25.0,10.5,2100.0,52.6,36.8,5.0,0.0,2.5,0.8,33.0,40.0,103.125,100.0,1
42.0,58.0,0.233,16.0,78.0,0.5,25.0,0.0,1800.0,58.8,41.2,5.0,0.0,2.5,1.0,34.0,40.0,103.125,100.0,1
27.5,41.0,0.267,17.58,80.0,0.75,50.0,3.4,1490.0,56.8,39.8,0.0,0.0,3.0,1.0,35.0,40.0,103.125,100.0,1
35.0,41.0,0.267,16.66,78.0,0.75,50.0,7.6,1490.0,54.3,38.0,0.0,0.0,3.0,1.0,35.0,40.0,106.7,100.0,1
60.0,60.0,0.2,15.0,80.0,0.75,50.0,10.4,1380.0,47.2,42.5,0.0,0.0,3.0,1.0,38.0,40.0,106.5,100.0,1
40.0,60.0,0.2,15.0,80.0,0.625,50.0,0.0,1400.0,58.8,41.2,0.0,0.0,3.0,0.6,34.0,40.0,103.1,100.0,1
,60.0,0.2,15.0,80.0,0.625,50.0,6.6,1400.0,54.9,38.5,6.0,0.0,3.0,1.1,34.0,40.0,103.1,100.0,1
45.0,58.0,0.2,17.0,72.0,0.75,,3.2,1470.0,53.8,43.0,0.0,0.0,3.0,1.0,34.0,40.0,100.0,100.0,1
40.0,62.0,0.3,16.1,82.0,0.812,30.0,5.7,1800.0,56.8,37.5,10.0,0.0,0.7,0.5,30.0,40.0,106.5,100.0,1
40.0,62.0,0.233,16.1,78.0,0.562,25.0,5.5,1800.0,55.0,39.5,0.0,0.0,1.6,1.5,30.0,40.0,103.23,100.0,1
45.0,57.0,0.233,15.0,88.0,0.562,30.0,10.4,1900.0,52.1,37.5,0.0,0.0,2.5,1.8,30.0,40.0,100.0,100.0,1
40.0,59.0,0.3,16.4,85.0,0.812,30.0,0.0,1900.0,58.8,41.2,10.0,0.0,2.0,0.8,30.0,40.0,96.88,100.0,1
35.0,59.0,0.2,16.1,82.0,,28.0,0.0,2500.0,58.8,41.2,0.0,0.0,2.5,1.3,30.0,40.0,100.0,100.0,1
35.0,59.0,0.2,16.1,84.0,,30.0,0.0,2500.0,55.0,45.0,0.0,0.0,2.5,1.1,30.0,40.0,100.0,100.0,1
42.5,47.0,0.2,16.2,78.0,0.75,30.0,0.0,2100.0,56.2,43.8,0.0,0.0,2.5,1.2,33.0,40.0,110.0,100.0,0
40.0,68.0,0.2,14.8,90.0,1.0,30.0,0.0,1440.0,58.8,41.2,0.0,0.0,2.5,1.0,40.0,40.0,103.13,100.0,0
40.0,60.0,0.2,15.0,85.0,1.0,25.0,6.9,2100.0,54.0,39.1,0.0,0.0,2.5,1.2,35.0,40.0,103.13,100.0,0
50.0,65.0,,16.0,80.0,0.5,28.0,12.5,1550.0,50.0,37.5,0.0,0.0,2.5,1.5,34.0,40.0,106.45,100.0,0
50.0,60.0,0.267,16.0,78.0,0.5,28.0,4.5,1520.0,53.0,42.0,0.0,0.0,2.5,1.5,34.0,40.0,106.2,100.0,0
40.0,63.0,0.233,15.8,80.0,0.75,30.0,10.5,2000.0,52.6,36.9,0.0,0.0,3.0,1.0,33.0,40.0,109.7,100.0,0
40.0,60.0,0.2,14.5,85.0,1.0,35.0,0.0,1250.0,58.8,41.2,2.5,0.0,1.5,1.0,30.0,40.0,100.0,100.0,0
40.0,69.0,0.2,14.5,76.0,0.625,22.0,0.0,1250.0,58.8,41.2,1.0,0.0,2.5,1.0,35.0,40.0,100.0,100.0,0
45.0,61.0,0.2,14.0,98.0,0.75,30.0,0.0,1600.0,58.8,41.2,2.0,0.0,2.4,0.9,30.0,40.0,100.0,100.0,0
55.0,61.0,0.283,21.0,78.0,1.0,28.0,0.0,1500.0,58.8,41.2,3.0,0.0,2.5,0.7,35.0,40.0,100.0,100.0,0
42.5,52.0,0.2,16.0,82.0,0.75,30.0,0.0,2150.0,58.8,41.2,0.0,0.0,2.5,1.0,33.0,40.0,110.0,100.0,0
50.0,47.0,0.2,15.0,80.0,0.625,28.0,0.0,1750.0,59.0,41.0,0.0,0.0,1.0,1.0,38.0,40.0,91.89,100.0,0
,44.0,0.2,14.3,78.0,0.25,32.0,0.0,1650.0,56.8,43.2,3.0,0.0,2.5,2.5,40.0,40.0,100.0,100.0,0
,43.0,0.2,15.2,78.0,0.75,32.0,8.2,1500.0,51.0,40.8,2.0,0.0,2.7,1.8,40.0,40.0,106.25,100.0,0
55.0,44.0,0.2,15.0,70.0,0.625,28.0,8.2,1700.0,51.0,40.8,0.0,0.0,2.5,2.0,40.0,40.0,100.0,100.0,0
40.0,38.0,,16.5,85.0,0.625,30.0,4.3,1900.0,53.2,42.5,0.0,0.0,3.0,1.0,30.0,40.0,103.13,100.0,0
40.0,40.0,,15.7,85.0,0.312,27.0,4.3,2050.0,53.2,42.5,1.0,0.0,2.5,1.5,30.0,40.0,103.13,100.0,0
40.0,40.0,0.3,14.9,75.0,0.625,28.0,4.3,2000.0,53.2,42.5,4.0,0.0,2.5,1.5,30.0,40.0,117.86,100.0,0
40.0,47.0,0.2,14.5,85.0,0.75,25.0,10.5,1850.0,52.6,36.9,2.0,0.0,0.0,0.0,34.0,40.0,110.0,100.0,0
40.0,49.0,0.3,17.0,75.0,0.625,30.0,0.0,1600.0,58.8,41.2,0.0,0.0,2.5,0.65,33.0,40.0,109.6,100.0,0
47.5,58.0,0.217,13.1,70.0,,55.0,10.0,1660.0,50.0,40.0,0.0,0.0,2.9,1.0,34.0,40.0,96.88,100.0,0
50.0,40.0,0.2,15.2,78.0,1.0,24.0,0.0,1850.0,58.8,41.2,0.0,0.0,2.9,1.1,40.0,40.0,103.13,100.0,0
40.0,65.0,0.2,15.0,80.0,0.625,50.0,10.4,1640.0,47.2,42.4,1.0,0.0,3.0,1.5,32.0,40.0,103.13,100.0,0
30.0,,0.3,17.0,78.0,0.812,30.0,0.0,1700.0,58.8,41.2,0.0,0.0,2.5,1.2,30.0,40.0,106.25,100.0,0
30.0,40.0,0.2,14.0,73.0,0.562,30.0,0.0,1800.0,58.8,41.2,0.0,0.0,0.0,0.0,30.0,40.0,100.0,100.0,0
50.0,62.0,0.267,11.2,80.0,,50.0,0.0,1570.0,58.8,41.2,0.0,0.0,3.0,1.0,38.0,40.0,103.23,100.0,0
45.0,63.0,0.267,15.0,80.0,0.75,50.0,0.0,1470.0,58.8,41.2,2.0,0.0,3.0,1.0,34.0,40.0,100.0,100.0,0
37.5,65.0,0.2,16.0,80.0,0.625,50.0,6.6,1640.0,54.9,38.5,3.0,0.0,3.0,1.0,32.0,40.0,103.13,100.0,0
40.0,39.0,0.2,15.0,83.0,0.625,30.0,0.0,2000.0,58.1,41.9,1.0,0.0,2.5,0.6,35.0,40.0,100.0,100.0,0
40.0,39.0,0.2,15.0,72.0,0.375,30.0,0.0,2000.0,58.1,41.9,1.0,0.0,2.5,0.3,35.0,40.0,109.9,100.0,0
40.0,59.0,0.25,15.0,80.0,0.75,40.0,13.3,1750.0,51.0,35.7,0.0,0.0,2.2,0.7,34.0,40.0,100.0,100.0,0
30.0,50.0,0.233,16.1,79.0,0.625,25.0,,1400.0,,,,,2.5,1.0,,40.0,106.0,100.0,0
40.0,40.0,0.3,14.5,72.0,0.625,34.0,,1620.0,,,,,2.5,1.3,,40.0,102.0,100.0,0
45.0,36.0,,14.0,76.0,0.625,20.0,,1700.0,,,,,2.0,0.9,,40.0,100.0,100.0,0
40.0,40.0,0.3,15.5,75.0,0.75,25.0,,1100.0,,,,,2.5,1.0,,40.0,102.941,100.0,0
35.0,42.0,0.2,15.0,78.0,0.562,40.0,,1750.0,,,,,2.3,1.0,,40.0,103.0,100.0,0
55.0,51.0,0.25,16.4,78.0,0.5,29.0,,1800.0,,,,,1.5,1.0,,40.0,100.0,100.0,0
35.0,48.0,0.267,16.0,72.0,0.75,20.0,,1650.0,,,,,1.5,1.1,,40.0,83.33,100.0,0
47.5,50.0,0.2,17.0,70.0,0.5,30.0,,2000.0,,,,,2.2,0.7,,40.0,103.225,100.0,0
40.0,52.0,,13.5,85.0,0.75,30.0,,1900.0,,,,,0.0,0.0,,40.0,94.4,100.0,0
47.5,53.0,0.233,17.0,80.0,0.625,20.0,,1850.0,,,,,2.0,1.5,,40.0,105.7,100.0,0
50.0,56.0,0.3,15.0,80.0,0.188,26.0,,1950.0,,,,,2.5,1.5,,40.0,102.857,100.0,0
55.0,56.0,0.3,21.0,80.0,0.875,35.0,,1650.0,,,,,2.1,0.6,,40.0,100.0,100.0,0
55.0,54.0,0.3,17.5,82.0,0.812,28.0,,1600.0,,,,,2.5,1.0,,40.0,102.94,100.0,0
40.0,57.0,0.3,16.0,86.0,0.812,30.0,,1700.0,,,,,2.5,1.0,,40.0,102.94,100.0,0
35.0,56.0,0.267,15.1,81.0,0.75,32.0,,2000.0,,,,,2.5,1.0,,40.0,102.94,100.0,0
50.0,66.0,0.3,14.8,80.0,0.625,30.0,,1840.0,,,,,2.5,1.0,,40.0,100.0,100.0,0
50.0,67.0,0.3,14.5,86.0,0.75,22.0,,1300.0,,,,,2.5,2.0,,40.0,102.77,100.0,0
,62.0,0.333,14.5,84.0,,23.0,,1200.0,,,,,2.5,,,40.0,103.22,100.0,0
,63.0,0.233,15.5,79.0,0.625,35.0,,1760.0,,,,,2.4,1.0,,40.0,106.25,100.0,0
,67.0,0.3,15.1,80.0,0.75,28.0,,1780.0,,,,,2.5,1.0,,40.0,106.25,100.0,0
,50.0,0.333,15.7,82.0,,30.0,,1850.0,,,,,,,,40.0,103.22,100.0,0
,60.0,0.3,15.0,82.0,0.5,22.0,,1800.0,,,,,2.5,1.0,,40.0,96.8,100.0,0
,60.0,0.267,14.8,80.0,0.625,25.0,,1850.0,,,,,2.5,1.0,,40.0,96.9,100.0,0
,56.0,0.3,14.1,82.0,0.625,40.0,,1800.0,,,,,2.5,0.9,,40.0,96.9,100.0,0
,56.0,0.367,15.1,78.0,0.5,29.0,,1320.0,,,,,2.5,,,40.0,96.9,100.0,0
,47.0,0.2,15.0,85.0,0.5,24.0,,1470.0,,,,,1.8,1.7,,40.0,96.9,100.0,0
,55.0,0.367,15.5,76.0,0.75,30.0,,1750.0,,,,,2.5,1.2,,40.0,96.9,100.0,0
,53.0,0.3,14.2,72.0,1.0,28.0,,1600.0,,,,,2.7,1.5,,40.0,106.1,100.0,0
,39.0,0.3,15.1,71.0,0.625,30.0,,1700.0,,,,,2.5,1.5,,40.0,106.1,100.0,0
,46.0,0.3,17.0,80.0,0.25,25.0,,1700.0,,,,,2.5,1.5,,30.0,117.7,95.0,0
,35.0,0.3,16.2,88.0,0.5,28.0,,1750.0,,,,,2.3,1.0,,40.0,106.0,100.0,0
,40.0,0.333,14.5,70.0,0.75,60.0,,1250.0,,,,,2.0,1.5,,40.0,112.5,100.0,0
,39.0,0.3,16.0,72.0,0.75,50.0,,1350.0,,,,,2.5,2.2,,40.0,106.6,95.0,0
,40.0,0.3,16.5,84.0,0.625,26.0,,1565.0,,,,,2.5,1.0,,40.0,106.6,95.0,0
,44.0,0.2,16.22,74.0,0.75,30.0,,2200.0,,,,,2.8,0.8,,40.0,106.6,95.0,0
,47.0,0.233,16.5,86.0,0.25,,,1750.0,,,,,2.1,2.1,,40.0,109.6,95.0,0
,52.0,0.2,16.0,75.0,0.312,25.0,,1500.0,,,,,2.5,0.6,,40.0,109.1,100.0,0
,,0.3,15.0,80.0,0.5,30.0,,2020.0,,,,,2.9,0.5,,40.0,110.3,100.0,0
,54.0,0.3,16.5,88.0,0.75,25.0,,1850.0,,,,,3.0,2.0,,40.0,107.14,95.0,0
,56.0,0.3,14.0,91.0,1.125,27.0,,1650.0,,,,,3.0,1.5,,40.0,100.0,95.0,0
,50.0,0.2,16.5,74.0,0.625,34.0,,1750.0,,,,,2.6,1.0,,40.0,103.125,95.0,0
,56.0,0.2,17.0,75.0,0.75,25.0,,1600.0,,,,,2.0,1.0,,40.0,103.125,95.0,0
,55.0,0.2,17.0,95.0,0.625,27.0,,1600.0,,,,,2.5,1.0,,40.0,106.25,100.0,0
,54.0,0.267,15.5,80.0,0.75,40.0,,2000.0,,,,,1.8,1.3,,40.0,107.14,,0
,54.0,,15.5,78.0,0.812,30.0,,2100.0,,,,,1.2,1.0,,40.0,97.05,100.0,0
,53.0,,17.0,73.0,0.75,35.0,,2100.0,,,,,2.6,1.3,,40.0,113.3,100.0,0
,,,16.0,83.0,,28.0,,2400.0,,,,,2.5,1.0,,40.0,112.5,100.0,0
,60.0,,14.9,76.0,1.0,30.0,,2500.0,,,,,0.5,0.5,,40.0,112.5,100.0,0
,56.0,0.3,18.3,80.0,1.0,32.0,,1900.0,,,,,,,,40.0,110.0,100.0,0
,52.0,,18.0,82.0,1.0,25.0,,1880.0,,,,,1.0,1.0,,40.0,112.5,100.0,0
,,0.2,16.1,76.0,0.5,34.0,,2100.0,,,,,0.0,0.0,,40.0,110.0,100.0,0
,,0.3,16.5,70.0,1.0,34.0,,1903.0,,,,,2.7,2.8,,40.0,108.0,100.0,0
,46.0,0.267,16.4,76.0,1.0,34.0,,1903.0,,,,,1.5,2.3,,40.0,108.0,100.0,0
,46.0,0.2,14.2,75.0,0.75,25.0,,2050.0,,,,,2.5,1.0,,40.0,108.1,100.0,0
